season,week,gameday,gametime,home_team,away_team
2026,1,2026-09-09,20:20,SEA,NE
2026,1,2026-09-10,20:35,LA,SF
2026,1,2026-09-13,13:00,CAR,CHI
2026,1,2026-09-13,13:00,CIN,TB
2026,1,2026-09-13,13:00,DET,NO
2026,1,2026-09-13,13:00,HOU,BUF
2026,1,2026-09-13,13:00,IND,BAL
2026,1,2026-09-13,13:00,JAX,CLE
2026,1,2026-09-13,13:00,PIT,ATL
2026,1,2026-09-13,13:00,TEN,NYJ
2026,1,2026-09-13,16:25,LAC,ARI
2026,1,2026-09-13,16:25,LV,MIA
2026,1,2026-09-13,16:25,MIN,GB
2026,1,2026-09-13,16:25,PHI,WAS
2026,1,2026-09-13,20:20,NYG,DAL
2026,1,2026-09-14,20:15,KC,DEN
2026,2,2026-09-17,20:15,BUF,DET
2026,2,2026-09-20,13:00,ATL,CAR
2026,2,2026-09-20,13:00,BAL,NO
2026,2,2026-09-20,13:00,CHI,MIN
2026,2,2026-09-20,13:00,HOU,CIN
2026,2,2026-09-20,13:00,NE,PIT
2026,2,2026-09-20,13:00,NYJ,GB
2026,2,2026-09-20,13:00,TB,CLE
2026,2,2026-09-20,13:00,TEN,PHI
2026,2,2026-09-20,16:05,DEN,JAX
2026,2,2026-09-20,16:05,LAC,LV
2026,2,2026-09-20,16:25,ARI,SEA
2026,2,2026-09-20,16:25,DAL,WAS
2026,2,2026-09-20,16:25,SF,MIA
2026,2,2026-09-20,20:20,KC,IND
2026,2,2026-09-21,20:15,LA,NYG
2026,3,2026-09-24,20:15,GB,ATL
2026,3,2026-09-27,13:00,BUF,LAC
2026,3,2026-09-27,13:00,CLE,CAR
2026,3,2026-09-27,13:00,DET,NYJ
2026,3,2026-09-27,13:00,IND,HOU
2026,3,2026-09-27,13:00,JAX,NE
2026,3,2026-09-27,13:00,MIA,KC
2026,3,2026-09-27,13:00,NYG,TEN
2026,3,2026-09-27,13:00,PIT,CIN
2026,3,2026-09-27,13:00,WAS,SEA
2026,3,2026-09-27,16:05,SF,ARI
2026,3,2026-09-27,16:05,TB,MIN
2026,3,2026-09-27,16:25,DAL,BAL
2026,3,2026-09-27,16:25,NO,LV
2026,3,2026-09-27,20:20,DEN,LA
2026,3,2026-09-28,20:15,CHI,PHI
2026,4,2026-10-01,20:15,CLE,PIT
2026,4,2026-10-04,09:30,WAS,IND
2026,4,2026-10-04,13:00,BAL,TEN
2026,4,2026-10-04,13:00,BUF,NE
2026,4,2026-10-04,13:00,CHI,NYJ
2026,4,2026-10-04,13:00,CIN,JAX
2026,4,2026-10-04,13:00,HOU,DAL
2026,4,2026-10-04,13:00,NYG,ARI
2026,4,2026-10-04,13:00,PHI,LA
2026,4,2026-10-04,13:00,TB,GB
2026,4,2026-10-04,16:05,MIN,MIA
2026,4,2026-10-04,16:25,LV,KC
2026,4,2026-10-04,16:25,SEA,LAC
2026,4,2026-10-04,16:25,SF,DEN
2026,4,2026-10-04,20:20,CAR,DET
2026,4,2026-10-05,20:15,NO,ATL
2026,5,2026-10-08,20:15,DAL,TB
2026,5,2026-10-11,09:30,JAX,PHI
2026,5,2026-10-11,13:00,MIA,CIN
2026,5,2026-10-11,13:00,NE,LV
2026,5,2026-10-11,13:00,NO,MIN
2026,5,2026-10-11,13:00,NYJ,CLE
2026,5,2026-10-11,13:00,PIT,IND
2026,5,2026-10-11,13:00,TEN,HOU
2026,5,2026-10-11,13:00,WAS,NYG
2026,5,2026-10-11,16:05,LAC,DEN
2026,5,2026-10-11,16:25,ARI,DET
2026,5,2026-10-11,13:00,GB,CHI
2026,5,2026-10-11,16:25,SEA,SF
2026,5,2026-10-11,20:20,ATL,BAL
2026,5,2026-10-12,20:15,LA,BUF
2026,6,2026-10-15,20:15,DEN,SEA
2026,6,2026-10-18,09:30,JAX,HOU
2026,6,2026-10-18,13:00,ATL,CHI
2026,6,2026-10-18,13:00,CLE,BAL
2026,6,2026-10-18,13:00,IND,TEN
2026,6,2026-10-18,13:00,NE,NYJ
2026,6,2026-10-18,13:00,NYG,NO
2026,6,2026-10-18,13:00,PHI,CAR
2026,6,2026-10-18,13:00,TB,PIT
2026,6,2026-10-18,16:05,LA,ARI
2026,6,2026-10-18,16:25,KC,LAC
2026,6,2026-10-18,16:25,LV,BUF
2026,6,2026-10-18,20:20,GB,DAL
2026,6,2026-10-19,20:15,SF,WAS
2026,7,2026-10-22,20:15,CHI,NE
2026,7,2026-10-25,09:30,NO,PIT
2026,7,2026-10-25,13:00,ATL,SF
2026,7,2026-10-25,13:00,BAL,CIN
2026,7,2026-10-25,13:00,CAR,TB
2026,7,2026-10-25,13:00,HOU,NYG
2026,7,2026-10-25,13:00,MIN,IND
2026,7,2026-10-25,13:00,NYJ,MIA
2026,7,2026-10-25,13:00,TEN,CLE
2026,7,2026-10-25,16:05,ARI,DEN
2026,7,2026-10-25,16:25,DET,GB
2026,7,2026-10-25,16:25,LV,LA
2026,7,2026-10-25,20:20,SEA,KC
2026,7,2026-10-26,20:15,PHI,DAL
2026,8,2026-10-29,20:15,GB,CAR
2026,8,2026-11-01,13:00,BUF,BAL
2026,8,2026-11-01,13:00,CIN,TEN
2026,8,2026-11-01,13:00,DAL,ARI
2026,8,2026-11-01,13:00,DET,MIN
2026,8,2026-11-01,13:00,JAX,IND
2026,8,2026-11-01,13:00,NYJ,LV
2026,8,2026-11-01,13:00,PIT,CLE
2026,8,2026-11-01,13:00,TB,ATL
2026,8,2026-11-01,16:05,LA,LAC
2026,8,2026-11-01,16:25,DEN,KC
2026,8,2026-11-01,16:25,MIA,NE
2026,8,2026-11-01,20:20,WAS,PHI
2026,8,2026-11-02,20:15,SEA,CHI
2026,9,2026-11-05,20:15,BAL,JAX
2026,9,2026-11-08,09:30,ATL,CIN
2026,9,2026-11-08,13:00,CAR,DEN
2026,9,2026-11-08,13:00,IND,DAL
2026,9,2026-11-08,13:00,KC,NYJ
2026,9,2026-11-08,13:00,MIA,DET
2026,9,2026-11-08,13:00,NO,CLE
2026,9,2026-11-08,13:00,PHI,NYG
2026,9,2026-11-08,13:00,WAS,LA
2026,9,2026-11-08,16:05,LAC,HOU
2026,9,2026-11-08,16:05,SF,LV
2026,9,2026-11-08,16:25,NE,GB
2026,9,2026-11-08,16:25,SEA,ARI
2026,9,2026-11-08,20:20,CHI,TB
2026,9,2026-11-09,20:15,MIN,BUF
2026,10,2026-11-12,20:15,NYG,WAS
2026,10,2026-11-15,09:30,DET,NE
2026,10,2026-11-15,13:00,ATL,KC
2026,10,2026-11-15,13:00,CLE,HOU
2026,10,2026-11-15,13:00,GB,MIN
2026,10,2026-11-15,13:00,IND,MIA
2026,10,2026-11-15,13:00,NO,CAR
2026,10,2026-11-15,13:00,NYJ,BUF
2026,10,2026-11-15,13:00,TEN,JAX
2026,10,2026-11-15,16:05,ARI,LA
2026,10,2026-11-15,16:05,LV,SEA
2026,10,2026-11-15,16:25,DAL,SF
2026,10,2026-11-15,20:20,CIN,PIT
2026,10,2026-11-16,20:15,BAL,LAC
2026,11,2026-11-19,20:15,HOU,IND
2026,11,2026-11-22,13:00,BUF,MIA
2026,11,2026-11-22,13:00,CAR,BAL
2026,11,2026-11-22,13:00,CHI,NO
2026,11,2026-11-22,13:00,DAL,TEN
2026,11,2026-11-22,13:00,DET,TB
2026,11,2026-11-22,13:00,KC,ARI
2026,11,2026-11-22,13:00,NYG,JAX
2026,11,2026-11-22,16:05,LAC,NYJ
2026,11,2026-11-22,16:25,DEN,LV
2026,11,2026-11-22,16:25,PHI,PIT
2026,11,2026-11-22,20:20,SF,MIN
2026,11,2026-11-23,20:15,WAS,CIN
2026,12,2026-11-25,20:00,LA,GB
2026,12,2026-11-26,13:00,DET,CHI
2026,12,2026-11-26,16:30,DAL,PHI
2026,12,2026-11-26,20:20,BUF,KC
2026,12,2026-11-27,15:00,PIT,DEN
2026,12,2026-11-29,13:00,CIN,NO
2026,12,2026-11-29,13:00,CLE,LV
2026,12,2026-11-29,13:00,HOU,BAL
2026,12,2026-11-29,13:00,IND,NYG
2026,12,2026-11-29,13:00,MIA,NYJ
2026,12,2026-11-29,13:00,MIN,ATL
2026,12,2026-11-29,16:05,JAX,TEN
2026,12,2026-11-29,16:25,ARI,WAS
2026,12,2026-11-29,16:25,SF,SEA
2026,12,2026-11-29,20:20,LAC,NE
2026,12,2026-11-30,20:15,TB,CAR
2026,13,2026-12-03,20:15,LA,KC
2026,13,2026-12-06,13:00,ATL,DET
2026,13,2026-12-06,13:00,CHI,JAX
2026,13,2026-12-06,13:00,CLE,CIN
2026,13,2026-12-06,13:00,NO,GB
2026,13,2026-12-06,13:00,NYG,SF
2026,13,2026-12-06,13:00,TB,LAC
2026,13,2026-12-06,13:00,TEN,WAS
2026,13,2026-12-06,16:05,ARI,PHI
2026,13,2026-12-06,16:05,DEN,MIA
2026,13,2026-12-06,16:25,MIN,CAR
2026,13,2026-12-06,16:25,NE,BUF
2026,13,2026-12-06,20:20,PIT,HOU
2026,13,2026-12-07,20:15,SEA,DAL
2026,14,2026-12-10,20:15,NE,MIN
2026,14,2026-12-13,13:00,BAL,TB
2026,14,2026-12-13,13:00,CAR,NO
2026,14,2026-12-13,13:00,CLE,ATL
2026,14,2026-12-13,13:00,DET,TEN
2026,14,2026-12-13,13:00,MIA,CHI
2026,14,2026-12-13,13:00,NYJ,DEN
2026,14,2026-12-13,13:00,PHI,IND
2026,14,2026-12-13,13:00,WAS,HOU
2026,14,2026-12-13,16:05,LV,LAC
2026,14,2026-12-13,16:25,CIN,KC
2026,14,2026-12-13,16:25,SEA,NYG
2026,14,2026-12-13,16:25,SF,LA
2026,14,2026-12-13,20:20,GB,BUF
2026,14,2026-12-14,20:15,JAX,PIT
2026,15,2026-12-17,20:15,LAC,SF
2026,15,2026-12-19,17:00,PHI,SEA
2026,15,2026-12-19,20:20,BUF,CHI
2026,15,2026-12-20,13:00,CAR,CIN
2026,15,2026-12-20,13:00,GB,MIA
2026,15,2026-12-20,13:00,HOU,JAX
2026,15,2026-12-20,13:00,NYG,CLE
2026,15,2026-12-20,13:00,PIT,BAL
2026,15,2026-12-20,13:00,TB,NO
2026,15,2026-12-20,13:00,TEN,IND
2026,15,2026-12-20,13:00,WAS,ATL
2026,15,2026-12-20,16:05,ARI,NYJ
2026,15,2026-12-20,16:25,LA,DAL
2026,15,2026-12-20,16:25,LV,DEN
2026,15,2026-12-20,20:20,MIN,DET
2026,15,2026-12-21,20:15,KC,NE
2026,16,2026-12-24,20:15,PHI,HOU
2026,16,2026-12-25,13:00,CHI,GB
2026,16,2026-12-25,16:30,DEN,BUF
2026,16,2026-12-25,20:15,SEA,LA
2026,16,2026-12-27,13:00,ATL,TB
2026,16,2026-12-27,13:00,BAL,CLE
2026,16,2026-12-27,13:00,IND,CIN
2026,16,2026-12-27,13:00,MIA,LAC
2026,16,2026-12-27,13:00,MIN,WAS
2026,16,2026-12-27,13:00,NO,ARI
2026,16,2026-12-27,13:00,NYJ,NE
2026,16,2026-12-27,13:00,PIT,CAR
2026,16,2026-12-27,16:05,LV,TEN
2026,16,2026-12-27,16:25,KC,SF
2026,16,2026-12-27,20:20,DAL,JAX
2026,16,2026-12-28,20:15,DET,NYG
2026,17,2026-12-31,20:15,CIN,BAL
2026,17,2027-01-03,13:00,ATL,NO
2026,17,2027-01-03,13:00,CAR,SEA
2026,17,2027-01-03,13:00,CLE,IND
2026,17,2027-01-03,13:00,DAL,NYG
2026,17,2027-01-03,13:00,JAX,WAS
2026,17,2027-01-03,13:00,LAC,KC
2026,17,2027-01-03,13:00,MIA,BUF
2026,17,2027-01-03,13:00,NE,DEN
2026,17,2027-01-03,13:00,NYJ,MIN
2026,17,2027-01-03,13:00,TB,LA
2026,17,2027-01-03,13:00,TEN,PIT
2026,17,2027-01-03,16:05,ARI,LV
2026,17,2027-01-03,16:25,CHI,DET
2026,17,2027-01-03,20:20,SF,PHI
2026,17,2027-01-04,20:15,GB,HOU
2026,18,2027-01-10,13:00,ARI,SF
2026,18,2027-01-10,13:00,BAL,PIT
2026,18,2027-01-10,13:00,BUF,NYJ
2026,18,2027-01-10,13:00,CAR,ATL
2026,18,2027-01-10,13:00,CIN,CLE
2026,18,2027-01-10,13:00,DEN,LAC
2026,18,2027-01-10,13:00,GB,DET
2026,18,2027-01-10,13:00,HOU,TEN
2026,18,2027-01-10,13:00,IND,JAX
2026,18,2027-01-10,13:00,KC,LV
2026,18,2027-01-10,13:00,LA,SEA
2026,18,2027-01-10,13:00,MIN,CHI
2026,18,2027-01-10,13:00,NE,MIA
2026,18,2027-01-10,13:00,NO,TB
2026,18,2027-01-10,13:00,NYG,PHI
2026,18,2027-01-10,13:00,WAS,DAL
